人口，总数,SP.POP.TOTL,阿富汗,AFG,13180431,12963788,12634494,12241928,11854205,11528977,11262439,11063107,11013345,11215323,11731193,12612043,13811876,15175325,16485018,17586073,18415307,19021226,19496836,19987071,20595360,21347782,22202806,23116142,24018682,24860855,25631282,26349243,27032197,27708187,28397812,29105480,29824536,30551674,..
人口，总数,SP.POP.TOTL,阿尔巴尼亚,ALB,2671997,2726056,2784278,2843960,2904429,2964762,3022635,3083605,3142336,3227943,3286542,3266790,3247039,3227287,3207536,3187784,3168033,3148281,3128530,3108778,3089027,3064111,3051427,3033659,3014579,2992724,2968028,2940880,2912559,2884303,2856673,2829337,2801681,2773620,..
人口，总数,SP.POP.TOTL,阿尔及利亚,DZA,19475204,20103931,20766568,21453278,22150483,22847437,23539383,24225748,24904931,25576596,26239708,26893663,27535151,28157560,28752749,29315463,29845208,30345466,30820435,31276295,31719449,32150198,32572977,33003442,33461345,33960903,34507214,35097043,35725377,36383302,37062820,37762962,38481705,39208194,..
人口，总数,SP.POP.TOTL,美属萨摩亚,ASM,32456,33488,34740,36165,37687,39247,40835,42448,44049,45591,47044,48379,49597,50725,51807,52874,53926,54942,55899,56768,57522,58176,58729,59117,59262,59117,58652,57919,57053,56245,55636,55274,55128,55165,..
人口，总数,SP.POP.TOTL,安道尔共和国,ADO,36063,37502,39112,40862,42704,44597,46515,48458,50431,52449,54511,56674,58904,61003,62707,63854,64274,64090,63799,64084,65399,68000,71639,75643,79060,81223,81877,81292,79969,78659,77907,77865,78360,79218,..
人口，总数,SP.POP.TOTL,安哥拉,AGO,7637141,7901870,8190093,8489864,8784753,9063646,9320678,9561022,9798055,10051133,10333844,10652727,11002758,11372156,11743432,12104952,12451945,12791388,13137542,13510616,13924930,14385283,14886574,15421075,15976715,16544376,17122409,17712824,18314441,18926650,19549124,20180490,20820525,21471618,..
人口，总数,SP.POP.TOTL,安提瓜和巴布达,ATG,70301,69750,68950,67958,66863,65744,64605,63484,62538,61967,61906,62412,63434,64868,66550,68349,70245,72232,74206,76041,77648,78972,80030,80904,81718,82565,83467,84397,85349,86300,87233,88152,89069,89985,..
人口，总数,SP.POP.TOTL,阿根廷,ARG,28120135,28550123,28989069,29435404,29886564,30340419,30796481,31254574,31713147,32170407,32624874,33075194,33520803,33961947,34399343,34833168,35264070,35690778,36109342,36514558,36903067,37273361,37627545,37970411,38308779,38647854,38988923,39331357,39676083,40023641,40374224,40728738,41086927,41446246,..
人口，总数,SP.POP.TOTL,亚美尼亚,ARM,3096298,3145885,3192877,3239212,3287588,3339147,3396511,3457054,3510439,3542720,3544695,3511912,3449497,3369673,3289943,3223173,3173425,3137652,3112958,3093820,3076098,3059960,3047002,3036032,3025652,3014917,3002911,2989882,2977488,2968154,2963496,2964120,2969081,2976566,..
人口，总数,SP.POP.TOTL,阿鲁巴,ABW,60096,60567,61344,62204,62831,63028,62644,61835,61077,61032,62148,64623,68235,72498,76700,80326,83195,85447,87276,89004,90858,92894,94995,97015,98742,100031,100830,101219,101344,101418,101597,101932,102384,102911,..
人口，总数,SP.POP.TOTL,澳大利亚,AUS,14692000,14927000,15178000,15369000,15544000,15758000,16018400,16263900,16532200,16814400,17065100,17284000,17495000,17667000,17855000,18072000,18311000,18517000,18711000,18926000,19153000,19413000,19651400,19895400,20127400,20394800,20697900,20827600,21249200,21691700,22031800,22340000,22723900,23130900,..
人口，总数,SP.POP.TOTL,奥地利,AUT,7549433,7568710,7574140,7561910,7561434,7564985,7569794,7574586,7585317,7619567,7677850,7754891,7840709,7905633,7936118,7948278,7959017,7968041,7976789,7992324,8011566,8042293,8081957,8121423,8171966,8227829,8268641,8300788,8336926,8365275,8389771,8406187,8429991,8473786,..
人口，总数,SP.POP.TOTL,阿塞拜疆,AZE,6163990,6261942,6362289,6464775,6568857,6674107,6779970,6886428,6994139,7104058,7159000,7271000,7382000,7495000,7597000,7685000,7763000,7838250,7913000,7982750,8048600,8111200,8171950,8234100,8306500,8391850,8484550,8581300,8763400,8947243,9054332,9173082,9295784,9416598,..
人口，总数,SP.POP.TOTL,巴哈马,BHS,210660,215404,220274,225184,230014,234684,239135,243397,247585,251863,256338,261102,266097,271105,275820,280050,283678,286845,289926,293442,297759,303005,309039,315624,322400,329088,335622,342049,348340,354492,360498,366331,371960,377374,..
人口，总数,SP.POP.TOTL,巴林,BHR,359902,374125,385950,396447,407223,419425,433491,449006,465254,481142,495944,509645,522751,535711,549170,563730,579697,597400,617537,640913,668239,698749,732541,772058,820505,879534,950951,1032353,1116038,1191539,1251513,1292764,1317827,1332171,..
人口，总数,SP.POP.TOTL,孟加拉国,BGD,82498440,84764142,87060582,89399666,91804318,94287722,96851505,99476987,102133217,104779345,107385847,109934590,112430968,114897543,117369492,119869585,122400896,124945315,127478524,129966823,132383265,134729503,137006279,139185986,141235035,143135180,144868702,146457067,147969967,149503100,151125475,152862431,154695368,156594962,..
人口，总数,SP.POP.TOTL,巴巴多斯,BRB,248784,249696,250780,251979,253193,254354,255450,256500,257497,258443,259336,260175,260963,261714,262441,263165,263884,264606,265370,266220,267190,268296,269524,270844,272205,273568,274923,276277,277634,279006,280396,281804,283221,284644,..
人口，总数,SP.POP.TOTL,白俄罗斯,BLR,9643000,9710000,9776000,9843000,9910000,9975000,10043000,10111000,10140000,10170000,10189000,10194000,10216000,10239000,10227000,10194000,10160000,10117000,10069000,10035000,10005000,9928000,9865000,9797000,9730000,9663000,9604000,9560000,9528000,9507000,9490000,9473000,9464000,9466000,..
人口，总数,SP.POP.TOTL,比利时,BEL,9859242,9858982,9856303,9855520,9855372,9858308,9861823,9870234,9901664,9937697,9967379,10004486,10045158,10084475,10115603,10136811,10156637,10181245,10203008,10226419,10251250,10286570,10332785,10376133,10421137,10478617,10547958,10625700,10709973,10796493,10920272,11047744,11128246,11195138,..
人口，总数,SP.POP.TOTL,伯利兹,BLZ,144151,147566,151498,155820,160342,164916,169547,174250,178906,183368,187552,191368,194894,198420,202348,206962,212375,218484,225083,231860,238586,245198,251766,258346,265040,271920,278985,286196,293544,301016,308595,316280,324060,331900,..
人口，总数,SP.POP.TOTL,贝宁,BEN,3718024,3822206,3931355,4045352,4163968,4287263,4414450,4546136,4685375,4836240,5001271,5182525,5378226,5582420,5786794,5985658,6176318,6361301,6546493,6740491,6949366,7174911,7414744,7665681,7922796,8182362,8443671,8707490,8973293,9240783,9509798,9779795,10050702,10323474,..
人口，总数,SP.POP.TOTL,百慕大,BMU,54670,55050,55449,55930,56423,56898,57382,57849,58347,58841,59326,59021,58595,58910,59320,59746,60129,60497,60943,61285,61833,62504,62912,63325,63740,64154,64523,64888,65273,65636,65124,64564,64798,65024,..
人口，总数,SP.POP.TOTL,不丹,BTN,412745,424082,434592,445008,456362,469244,484390,501192,517306,529519,535738,534905,528304,519056,511588,509105,512594,521146,533737,548599,564350,580888,598455,616383,633893,650417,665568,679365,692159,704542,716939,729429,741822,753947,..
人口，总数,SP.POP.TOTL,玻利维亚,BOL,5368901,5497112,5628347,5762673,5900127,6040757,6184440,6331219,6481463,6635658,6794046,6956736,7123294,7292745,7463773,7635362,7806953,7978521,8150214,8322408,8495271,8669066,8843350,9016787,9187610,9354709,9517395,9676456,9834098,9993406,10156601,10324445,10496285,10671200,..
人口，总数,SP.POP.TOTL,波斯尼亚和黑塞哥维那,BIH,4099903,4138160,4175238,4215148,4263393,4321966,4399257,4489555,4564265,4584734,4526511,4373715,4143068,3882548,3659409,3520996,3485575,3535998,3640821,3752004,3834364,3879353,3897579,3895779,3886723,3879828,3875157,3868665,3861201,3853446,3845929,3839322,3833916,3829307,..
人口，总数,SP.POP.TOTL,博茨瓦纳,BWA,997534,1034324,1071254,1108461,1146205,1184657,1223738,1263269,1303192,1343440,1383912,1424513,1465072,1505303,1544865,1583453,1620989,1657349,1692148,1724924,1755375,1783349,1808976,1832602,1854739,1875805,1895944,1915187,1933719,1951715,1969341,1986701,2003910,2021144,..
人口，总数,SP.POP.TOTL,巴西,BRA,121740438,124610790,127525420,130455659,133364277,136223043,139023394,141767626,144452622,147078659,149648341,152153539,154597985,157011131,159432909,161890816,164392423,166925457,169472347,172006362,174504898,176968205,179393768,181752951,184010283,186142403,188134315,189996976,191765567,193490922,195210154,196935134,198656019,200361925,..
人口，总数,SP.POP.TOTL,文莱达鲁萨兰国,BRN,193049,199128,205053,210925,216885,223041,229413,235982,242758,249743,256929,264332,271935,279652,287370,295003,302511,309904,317214,324501,331801,339114,346407,353649,360797,367815,374697,381440,388017,394400,400569,406512,412238,417784,..
人口，总数,SP.POP.TOTL,保加利亚,BGR,8861535,8891117,8917457,8939738,8960679,8960547,8958171,8971359,8981446,8876972,8718289,8632367,8540164,8472313,8443591,8406067,8362826,8312068,8256786,8210624,8170172,8020282,7868468,7823557,7781161,7739900,7699020,7545338,7492561,7444443,7395599,7348328,7305888,7265115,..
人口，总数,SP.POP.TOTL,布基纳法索,BFA,6822840,6985158,7158256,7340907,7531244,7727912,7930690,8140076,8356306,8579825,8811033,9050090,9297116,9552473,9816586,10089876,10372562,10664982,10967836,11281942,11607944,11946080,12296399,12659086,13034258,13421929,13822257,14235075,14659646,15094967,15540284,15995313,16460141,16934839,..
人口，总数,SP.POP.TOTL,布隆迪,BDI,4126538,4239795,4359379,4486938,4624850,4774155,4935642,5106707,5280833,5449339,5605873,5749774,5882679,6003704,6112449,6209923,6294482,6369573,6447672,6545273,6674286,6839376,7037727,7264340,7510771,7770392,8042579,8328312,8624280,8926687,9232753,9540362,9849569,10162532,..
人口，总数,SP.POP.TOTL,佛得角,CPV,301591,304432,310092,317457,324815,330966,335517,338984,342157,346209,351960,359642,368873,379100,389504,399477,408790,417562,425932,434168,442426,450812,459140,466939,473577,478651,481940,483713,484651,485714,487601,490556,494401,498897,..
人口，总数,SP.POP.TOTL,柬埔寨,KHM,6699273,6761653,6943097,7207649,7499331,7777235,8030211,8271042,8510817,8768664,9057339,9378185,9721775,10077404,10430268,10769198,11090611,11395958,11685332,11960467,12222871,12472586,12709336,12934369,13149386,13356424,13555054,13747288,13940518,14144225,14364931,14605862,14864646,15135169,..
人口，总数,SP.POP.TOTL,喀麦隆,CMR,8932121,9201146,9480638,9770555,10070779,10381098,10701458,11031515,11370394,11716975,12070359,12430339,12796831,13169247,13546948,13929575,14316949,14709426,15107909,15513653,15927713,16350440,16782044,17223277,17674960,18137734,18611937,19097676,19595026,20103945,20624343,21156272,21699631,22253959,..
人口，总数,SP.POP.TOTL,加拿大,CAN,24593000,24900000,25202000,25456000,25702000,25942000,26204000,26550000,26895000,27379000,27791000,28171682,28519597,28833410,29111906,29354000,29671900,29987200,30247900,30499200,30769700,31081900,31362000,31676000,31995000,32312000,32570505,32887928,33245773,33628571,34005274,34342780,34754312,35158304,..
人口，总数,SP.POP.TOTL,开曼群岛,CYM,16164,16795,17357,17911,18543,19315,20254,21343,22539,23776,25009,26211,27402,28652,30055,31672,33535,35596,37742,39810,41685,43317,44742,46032,47299,48623,50026,51472,52912,54275,55509,56601,57570,58435,..
人口，总数,SP.POP.TOTL,中非共和国,CAF,2274089,2340047,2411118,2484402,2555936,2622989,2684214,2740708,2795175,2851604,2912824,2979588,3050789,3125144,3200633,3275695,3350299,3424733,3498140,3569523,3638316,3704045,3767248,3829636,3893595,3960897,4032102,4106897,4185106,4266247,4349921,4436217,4525209,4616417,..
人口，总数,SP.POP.TOTL,乍得,TCD,4512758,4610917,4715985,4829852,4954649,5091809,5242737,5407077,5582282,5764631,5951574,6142558,6338934,6542419,6755540,6980351,7216321,7463347,7724316,8002899,8301151,8620917,8959964,9311234,9665024,10014413,10356822,10694366,11030628,11371325,11720781,12080037,12448175,12825314,..
人口，总数,SP.POP.TOTL,海峡群岛,CHI,128213,128988,129983,131158,132451,133804,135227,136716,138186,139528,140669,141568,142258,142822,143388,144050,144832,145709,146669,147682,148725,149799,150908,152039,153174,154298,155406,156497,157554,158565,159518,160407,161235,162018,..
人口，总数,SP.POP.TOTL,智利,CHL,11192384,11363219,11543263,11731654,11926647,12126956,12331704,12541298,12757095,12981032,13213930,13456476,13706485,13958378,14204726,14440103,14662323,14872458,15072409,15265536,15454402,15639289,15819522,15995658,16168241,16337749,16504530,16668892,16831184,16991729,17150760,17308449,17464814,17619708,..
人口，总数,SP.POP.TOTL,中国,CHN,981235000,993885000,1008630000,1023310000,1036825000,1051040000,1066790000,1084035000,1101630000,1118650000,1135185000,1150780000,1164970000,1178440000,1191835000,1204855000,1217550000,1230075000,1241935000,1252735000,1262645000,1271850000,1280400000,1288400000,1296075000,1303720000,1311020000,1317885000,1324655000,1331260000,1337705000,1344130000,1350695000,1357380000,..
人口，总数,SP.POP.TOTL,哥伦比亚,COL,26934591,27550172,28173493,28803276,29438030,30076525,30718127,31362479,32009024,32657292,33306941,33957286,34608171,35260456,35915434,36573895,37236124,37901358,38568056,39234115,39897984,40558648,41216304,41872051,42527623,43184026,43841370,44498390,45153037,45802561,46444798,47078792,47704427,48321405,..
人口，总数,SP.POP.TOTL,科摩罗,COM,313598,323998,333998,343708,353345,363068,372895,382771,392705,402707,412790,422969,433286,443820,454665,465895,477548,489627,502128,515028,528312,541976,556028,570491,585389,600733,616526,632736,649291,666097,683081,700216,717503,734917,..
人口，总数,SP.POP.TOTL,刚果（金）,ZAR,26357407,27060353,27767775,28490510,29243529,30039873,30871855,31740965,32679158,33727905,34910591,36253025,37731020,39257294,40711816,42012524,43122601,44078397,44960941,45889100,46949244,48167045,49516960,50972323,52487293,54028003,55590838,57187942,58819038,60486276,62191161,63931512,65705093,67513677,..
人口，总数,SP.POP.TOTL,刚果（布）,COG,1796412,1849970,1905411,1962375,2020333,2078914,2138090,2198025,2258785,2320488,2383283,2447020,2511819,2578424,2647817,2720633,2797572,2878333,2961357,3044444,3126204,3205636,3283719,3363418,3448868,3542867,3646653,3758858,3876475,3995146,4111715,4225359,4337051,4447632,..
人口，总数,SP.POP.TOTL,哥斯达黎加,CRI,2348427,2414832,2483355,2553714,2625561,2698616,2772823,2848141,2924348,3001196,3078551,3155979,3233568,3312307,3393575,3478197,3566605,3658020,3750585,3841734,3929588,4013488,4093840,4171145,4246336,4320130,4392493,4463226,4532711,4601424,4669685,4737680,4805295,4872166,..
人口，总数,SP.POP.TOTL,科特迪瓦,CIV,8265549,8630174,9004637,9386245,9771533,10158033,10543628,10928719,11316361,11711125,12115806,12530078,12950995,13375363,13798862,14217430,14632391,15042149,15436470,15802248,16131332,16420173,16674987,16909801,17144325,17393994,17662417,17949061,18260044,18601342,18976588,19389954,19839750,20316086,..
人口，总数,SP.POP.TOTL,克罗地亚,HRV,4588000,4608000,4635000,4659000,4680000,4701000,4722000,4740000,4757000,4767000,4780000,4510000,4470000,4640000,4650000,4669000,4494000,4572000,4501000,4554000,4426000,4440000,4440000,4440000,4439000,4442000,4440000,4436000,4434508,4429078,4417781,4280622,4267558,4252700,..
人口，总数,SP.POP.TOTL,古巴,CUB,9835085,9886228,9930589,9975082,10028578,10097020,10183690,10285920,10396268,10503898,10600841,10684831,10757891,10821551,10878823,10932013,10980758,11024249,11063917,11101580,11138416,11175465,11212125,11245926,11273363,11292078,11301100,11301674,11296355,11288826,11281768,11276053,11270957,11265629,..
人口，总数,SP.POP.TOTL,库拉索,CUW,..,..,..,..,..,..,..,..,..,..,..,..,..,..,..,..,..,..,144472,139428,133860,128905,128804,131253,133363,136708,140217,143026,144971,145890,149311,150612,152056,153500,..
人口，总数,SP.POP.TOTL,塞浦路斯,CYP,685406,689173,691711,694074,697717,703693,712340,723380,736477,751047,766611,783138,800660,818814,837166,855389,873246,890733,908040,925491,943287,961481,979877,998142,1015820,1032586,1048314,1063095,1077089,1090553,1103685,1116513,1128994,1141166,..
人口，总数,SP.POP.TOTL,捷克共和国,CZE,10304193,10300591,10314826,10323856,10330213,10337118,10342227,10347318,10355276,10361068,10333355,10308578,10319123,10329855,10333587,10327253,10315241,10304131,10294373,10283860,10255063,10216605,10196916,10193998,10197101,10211216,10238905,10298828,10384603,10443936,10474410,10496088,10510785,10521468,..
人口，总数,SP.POP.TOTL,丹麦,DNK,5123027,5121572,5117810,5114297,5111619,5113691,5120534,5127024,5129516,5132594,5140939,5154298,5171370,5188628,5206180,5233373,5263074,5284991,5304219,5321799,5339616,5358783,5375931,5390574,5404523,5419432,5437272,5461438,5493621,5523095,5547683,5570572,5591572,5613706,..
人口，总数,SP.POP.TOTL,吉布提,DJI,359247,375041,385184,393443,405229,424227,451942,486555,524393,560124,589924,612589,629373,641900,652793,663999,675891,687897,699922,711652,722887,733732,744434,755085,765776,776585,787544,798690,810100,821865,834036,846646,859652,872932,..
人口，总数,SP.POP.TOTL,多米尼克,DMA,75313,75376,75168,74750,74215,73640,73025,72368,71743,71242,70928,70849,70978,71205,71372,71367,71146,70756,70295,69902,69679,69660,69806,70058,70325,70542,70690,70795,70883,70996,71167,71401,71684,72003,..
人口，总数,SP.POP.TOTL,多米尼加共和国,DOM,5825715,5962066,6100385,6240380,6381602,6523696,6666429,6809797,6953918,7099011,7245127,7392389,7540421,7688196,7834359,7977966,8118570,8256496,8392534,8527881,8663421,8799298,8935261,9071318,9207389,9343362,9479269,9615015,9750195,9884265,10016797,10147598,10276621,10403761,..
人口，总数,SP.POP.TOTL,厄瓜多尔,ECU,7909432,8113200,8319351,8528791,8742761,8962049,9186995,9417031,9650906,9886866,10123593,10360630,10598168,10836327,11075454,11315800,11557151,11799289,12042454,12286995,12533087,12780869,13030041,13279806,13529091,13777131,14023503,14268397,14512402,14756424,15001072,15246481,15492264,15737878,..
人口，总数,SP.POP.TOTL,阿拉伯埃及共和国,EGY,44931971,45945655,46991385,48071851,49190419,50346551,51545011,52776850,54011214,55207254,56336614,57387589,58370712,59307778,60231864,61168397,62123592,63094069,64084443,65097777,66136590,67204189,68302914,69432477,70591288,71777678,72990754,74229577,75491922,76775023,78075705,79392466,80721874,82056378,..
人口，总数,SP.POP.TOTL,萨尔瓦多,SLV,4660556,4734486,4804671,4872098,4938109,5003828,5068961,5133598,5199613,5269378,5344226,5425293,5511138,5597322,5677743,5748013,5806750,5855226,5895018,5928809,5958794,5985299,6008308,6029366,6050297,6072538,6096692,6122952,6151776,6183484,6218195,6256242,6297394,6340454,..
人口，总数,SP.POP.TOTL,赤道几内亚,GNQ,220589,232708,250776,272313,293825,312772,328255,340942,351776,362355,373851,386418,399625,413387,427503,441829,456389,471288,486542,502169,518179,534592,551399,568552,585983,603648,621517,639618,658025,676851,696167,715996,736296,757014,..
人口，总数,SP.POP.TOTL,厄立特里亚,ERI,2414647,2493745,2573931,2656189,2742004,2831894,2928032,3028719,3126100,3209606,3272563,3311719,3331918,3344626,3365933,3407812,3473399,3560353,3668350,3795384,3939348,4101609,4281576,4472533,4665522,4854066,5035036,5209846,5382163,5557889,5741159,5932852,6130922,6333135,..
人口，总数,SP.POP.TOTL,爱沙尼亚,EST,1477219,1487666,1498414,1508745,1518617,1528781,1540190,1552221,1561900,1568131,1569174,1561314,1533091,1494128,1462514,1436634,1415594,1399535,1386156,1380620,1396985,1388115,1379350,1370720,1362550,1354775,1346810,1340680,1337090,1334515,1331475,1327439,1325016,1324612,..
人口，总数,SP.POP.TOTL,埃塞俄比亚,ETH,35241209,36094424,37110033,38259330,39493610,40777189,42100969,43477401,44916621,46435325,48042755,49743883,51525658,53357867,55199953,57023519,58815116,60584273,62353942,64158887,66024199,67956866,69948344,71989666,74066147,76167240,78290649,80440708,82621190,84838032,87095281,89393063,91728849,94100756,..
人口，总数,SP.POP.TOTL,法罗群岛,FRO,43010,43559,44105,44661,45239,45840,46501,47194,47789,48105,48031,47496,46580,45512,44609,44099,44058,44413,45050,45788,46491,47135,47751,48308,48782,49157,49414,49554,49601,49600,49581,49551,49506,49469,..
人口，总数,SP.POP.TOTL,斐济,FJI,635256,650966,668219,685422,700394,711663,718493,721594,722707,724355,728339,735209,744340,754923,765664,775587,784647,793098,800616,806857,811647,814700,816237,817224,818995,822484,828060,835392,843851,852479,860559,867921,874742,881065,..
人口，总数,SP.POP.TOTL,芬兰,FIN,4779535,4799964,4826933,4855787,4881803,4902206,4918154,4932123,4946481,4964371,4986431,5013740,5041992,5066447,5088333,5107790,5124573,5139835,5153498,5165474,5176209,5188008,5200598,5213014,5228172,5246096,5266268,5288720,5313399,5338871,5363352,5388272,5413971,5439407,..
人口，总数,SP.POP.TOTL,法国,FRA,55224670,55505282,55816654,56149874,56489874,56825158,57155165,57482783,57803824,58113622,58409202,58557072,58849212,59105073,59325793,59540711,59752020,59963792,60185178,60495470,60911057,61355725,61803229,62242474,62702121,63176246,63617975,64012572,64371099,64702921,65023142,65343588,65676758,66028467,..
人口，总数,SP.POP.TOTL,法属波利尼西亚,PYF,151702,156240,160883,165611,170397,175208,180069,184958,189742,194249,198370,202020,205269,208349,211584,215200,219282,223734,228380,232956,237267,241276,245032,248536,251811,254884,257731,260361,262877,265412,268065,270874,273814,276831,..
人口，总数,SP.POP.TOTL,加蓬,GAB,726454,744624,763639,783527,804319,826025,848654,872158,896429,921314,946703,972539,998823,1025559,1052772,1080477,1108698,1137412,1166525,1195919,1225527,1255299,1285318,1315820,1347125,1379465,1412907,1447388,1482843,1519155,1556222,1594034,1632572,1671711,..
人口，总数,SP.POP.TOTL,冈比亚,GMB,604371,625413,648202,673230,701097,732092,766598,804134,843060,881146,916811,949479,979666,1008242,1036580,1065746,1095930,1126986,1159271,1193143,1228863,1266691,1306667,1348548,1391934,1436549,1482324,1529406,1577984,1628332,1680640,1734966,1791225,1849285,..
人口，总数,SP.POP.TOTL,格鲁吉亚,GEO,4467700,4504500,4542800,4582900,4622200,4662900,4704500,4743500,4790700,4803300,4802000,4835900,4873500,4911100,4861600,4734000,4616100,4531600,4487300,4452500,4418300,4386400,4357000,4328900,4318300,4361400,4398000,4388400,4383800,4410900,4452800,4483350,4490700,4476900,..
人口，总数,SP.POP.TOTL,德国,DEU,78288576,78407907,78333366,78128282,77858685,77684873,77720436,77839920,78144619,78751283,79433029,80013896,80624598,81156363,81438348,81678051,81914831,82034771,82047195,82100243,82211508,82349925,82488495,82534176,82516260,82469422,82376451,82266372,82110097,81902307,81776930,81797673,80425823,80621788,..
人口，总数,SP.POP.TOTL,加纳,GHA,10802497,11118132,11488683,11895742,12311805,12716887,13104616,13480997,13853171,14233006,14628693,15043053,15471695,15907265,16339278,16760926,17169151,17568461,17968830,18384302,18825034,19293392,19786307,20301686,20835514,21384034,21947779,22525659,23110139,23691533,24262901,24820706,25366462,25904598,..
人口，总数,SP.POP.TOTL,希腊,GRC,9642505,9729350,9789513,9846627,9895801,9934300,9967213,10000595,10036983,10089498,10156902,10256292,10369866,10465528,10553035,10634385,10709173,10776504,10834880,10882580,10917482,10951764,10983723,11018324,11055729,11092913,11127947,11163002,11186439,11187085,11153454,11123213,11092771,11032328,..
人口，总数,SP.POP.TOTL,格陵兰,GRL,50200,51000,51500,52100,52700,53200,53500,54100,54800,55300,55600,55500,55300,55200,55500,55800,55900,56000,56100,56100,56200,56350,56609,56765,56911,56935,56774,56555,56328,56323,56905,56890,56810,56483,..
人口，总数,SP.POP.TOTL,格林纳达,GRD,89004,90575,93091,95981,98440,99907,100146,99381,98063,96871,96286,96455,97201,98302,99403,100253,100796,101125,101302,101441,101620,101849,102099,102369,102655,102951,103260,103586,103932,104296,104677,105074,105483,105897,..
人口，总数,SP.POP.TOTL,关岛,GUM,104131,106486,108911,111405,113961,116576,119232,121924,124677,127525,130482,133553,136696,139820,142806,145562,148060,150306,152275,153951,155328,156417,157241,157823,158194,158401,158429,158331,158310,158621,159440,160858,162810,165124,..
人口，总数,SP.POP.TOTL,危地马拉,GTM,7001101,7176504,7357730,7543343,7731210,7919874,8108903,8299070,8491594,8688240,8890329,9098613,9312915,9532550,9756398,9983861,10214623,10449636,10691090,10941913,11204183,11478984,11765738,12062835,12367800,12678919,12995374,13317931,13648307,13988988,14341576,14706578,15082831,15468203,..
人口，总数,SP.POP.TOTL,几内亚,GIN,4495479,4573076,4673637,4793275,4925668,5067026,5211764,5363069,5535918,5750861,6020113,6351760,6734242,7136110,7514053,7837173,8094751,8296478,8457221,8600911,8746128,8895353,9045748,9204581,9379621,9576331,9798963,10046967,10314678,10593248,10876033,11161530,11451273,11745189,..
人口，总数,SP.POP.TOTL,几内亚比绍共和国,GNB,818280,832141,849298,868908,889592,910336,930962,951816,973017,994816,1017385,1040717,1064691,1089235,1114249,1139667,1165465,1191672,1218336,1245530,1273312,1301748,1330849,1360559,1390791,1421515,1452659,1484337,1516920,1550905,1586624,1624228,1663558,1704255,..
人口，总数,SP.POP.TOTL,圭亚那,GUY,776927,775662,771596,765512,758580,751720,745133,738779,733057,728382,725043,723259,723008,724014,725839,728136,730865,734059,737526,741046,744471,747657,750629,753612,756939,760834,765367,770407,775739,781055,786126,790882,795369,799613,..
人口，总数,SP.POP.TOTL,海地,HTI,5691941,5821974,5958870,6100718,6244898,6389424,6533556,6677487,6821300,6965413,7110116,7255042,7399862,7544982,7691001,7838241,7986858,8136372,8285690,8433339,8578234,8720247,8859635,8996229,9129933,9260879,9388642,9513714,9638255,9765153,9896400,10032864,10173775,10317461,..
人口，总数,SP.POP.TOTL,洪都拉斯,HND,3635862,3750850,3868314,3988404,4111424,4237518,4366493,4497954,4631575,4766961,4903694,5041781,5180884,5319841,5457189,5591935,5723639,5852719,5980152,6107385,6235561,6365040,6495801,6628171,6762426,6898825,7037428,7178436,7322368,7469844,7621204,7776669,7935846,8097688,..
人口，总数,SP.POP.TOTL,中国香港特别行政区,HKG,5063100,5183400,5264500,5345100,5397900,5456200,5524600,5590500,5627600,5686200,5704500,5752000,5800500,5901000,6035400,6156100,6435500,6489300,6543700,6606500,6665000,6714300,6744100,6730800,6783500,6813200,6857100,6916300,6957800,6972800,7024200,7071600,7154600,7187500,..
人口，总数,SP.POP.TOTL,匈牙利,HUN,10711122,10711848,10705535,10689463,10668095,10648713,10630564,10612741,10596487,10481719,10373988,10373400,10369341,10357523,10343355,10328965,10311238,10290486,10266570,10237530,10210971,10187576,10158608,10129552,10107146,10087065,10071370,10055780,10038188,10022650,10000023,9971727,9920362,9897247,..
人口，总数,SP.POP.TOTL,冰岛,ISL,228138,230755,233860,236977,239511,241405,243180,245859,249740,252852,254826,257797,261057,263725,266021,267468,268916,271128,274047,277381,281205,284968,287523,289521,292074,296734,303782,311566,317414,318499,318041,319014,320716,323002,..
人口，总数,SP.POP.TOTL,印度,IND,698965575,715105168,731443752,747986284,764749394,781736502,798941802,816328792,833833510,851374699,868890700,886348712,903749636,921107534,938452550,955804355,973147577,990460131,1007746556,1025014711,1042261758,1059500888,1076705723,1093786762,1110626108,1127143548,1143289350,1159095250,1174662334,1190138069,1205624648,1221156319,1236686732,1252139596,..
人口，总数,SP.POP.TOTL,印度尼西亚,IDN,145494452,148872395,152280731,155698247,159097735,162458871,165772077,169039084,172265107,175460614,178633239,181786329,184916848,188019278,191085673,194112556,197097887,200050444,202990922,205946831,208938698,211970371,215038285,218145617,221293797,224480901,227709821,230972808,234243489,237486894,240676485,243801639,246864191,249865631,..
人口，总数,SP.POP.TOTL,伊朗伊斯兰共和国,IRN,38889520,40440041,42100410,43852710,45672219,47531740,49440637,51377914,53250434,54938264,56361868,57472293,58307457,58982430,59663107,60468352,61440887,62542531,63713397,64858754,65911052,66857624,67727274,68543171,69342126,70152384,70976584,71809219,72660887,73542954,74462314,75424285,76424443,77447168,..
人口，总数,SP.POP.TOTL,伊拉克,IRQ,13653358,14045450,14435914,14822565,15202850,15576396,15941197,16301879,16672907,17073500,17517521,18009865,18547047,19123947,19731733,20363138,21017108,21693597,22387179,23091408,23801156,24516842,25238267,25959531,26673536,27377045,28064095,28740630,29429829,30163199,30962380,31760020,32578209,33417476,..
人口，总数,SP.POP.TOTL,爱尔兰,IRL,3412800,3453000,3485800,3510600,3532423,3538082,3539690,3540057,3524949,3511009,3513974,3534235,3558430,3576261,3590386,3608841,3637510,3674171,3712696,3754786,3805174,3866243,3931947,3996521,4070262,4159914,4274137,4398942,4489544,4535375,4560155,4576794,4586897,4595281,..
人口，总数,SP.POP.TOTL,马恩岛,IMY,65108,65128,64817,64404,64207,64446,65225,66449,67902,69265,70312,70963,71306,71486,71726,72181,72898,73814,74848,75875,76806,77616,78338,79001,79658,80345,81068,81812,82561,83293,83992,84654,85284,85888,..
人口，总数,SP.POP.TOTL,以色列,ISR,3878000,3956000,4031000,4105000,4159000,4233000,4299000,4369000,4442000,4518000,4660000,4949000,5123000,5261000,5399000,5545000,5692000,5836000,5971000,6125000,6289000,6439000,6570000,6689700,6809000,6930100,7053700,7180100,7308800,7485600,7623600,7765800,7910500,8059400,..
人口，总数,SP.POP.TOTL,意大利,ITA,56433883,56501675,56543548,56564074,56576718,56593071,56596155,56601931,56629288,56671781,56719240,56758521,56797087,56831821,56843400,56844303,56860281,56890372,56906744,56916317,56942108,56974100,57059007,57313203,57685327,57969484,58143979,58438310,58826731,59095365,59277417,59379449,59539717,59831093,..
人口，总数,SP.POP.TOTL,牙买加,JAM,2133000,2162300,2200100,2240800,2279900,2311100,2335800,2350600,2356400,2374900,2390000,2406042,2423044,2441024,2460002,2480000,2509923,2534069,2556780,2574289,2589389,2605556,2615253,2624695,2634145,2643601,2653042,2662481,2671934,2681386,2690824,2699838,2707805,2715000,..
人口，总数,SP.POP.TOTL,日本,JPN,116782000,117648000,118449000,119259000,120018000,120754000,121492000,122091000,122613000,123116000,123537000,123921000,124229000,124536000,124961000,125439000,125761000,126091000,126410000,126650000,126870000,127149000,127445000,127718000,127761000,127773000,127756000,127770750,127704040,127557958,127450459,127817277,127561489,127338621,..
人口，总数,SP.POP.TOTL,约旦,JOR,2181000,2267246,2359755,2455896,2551301,2644000,2744000,2846000,2948000,3056000,3170000,3545000,3733000,3906000,4061000,4195000,4325000,4459000,4597000,4681000,4797000,4917000,5038000,5164000,5290000,5411000,5536000,5661000,5786000,5915000,6046000,6181000,6318000,6459000,..
人口，总数,SP.POP.TOTL,哈萨克斯坦,KAZ,14518924,14683789,14853993,15030495,15214051,15403006,15600928,15801753,15982510,16249500,16348000,16450500,16439095,16330419,16095199,15815626,15577894,15333703,15071300,14928426,14883626,14858335,14858948,14909018,15012985,15147029,15308084,15484192,15674000,16092701,16321581,16556600,16791425,17037508,..
人口，总数,SP.POP.TOTL,肯尼亚,KEN,16267906,16901167,17559844,18241424,18942464,19660018,20392312,21138372,21896890,22666720,23446439,24237056,25036941,25839132,26634659,27418077,28186224,28943647,29702246,30478597,31285050,32126351,33000524,33905011,34834606,35785718,36757498,37752304,38773277,39824734,40909194,42027891,43178141,44353691,..
人口，总数,SP.POP.TOTL,基里巴斯,KIR,54510,55908,57352,58860,60455,62145,63950,65841,67729,69490,71040,72343,73434,74395,75346,76378,77511,78725,80018,81377,82788,84261,85799,87371,88936,90468,91953,93401,94832,96272,97743,99250,100786,102351,..
人口，总数,SP.POP.TOTL,朝鲜民主主义人民共和国,PRK,17372172,17623339,17899241,18191886,18488002,18778106,19058994,19334557,19610518,19895397,20194361,20510215,20838090,21166238,21478552,21763678,22016518,22240833,22444993,22641754,22840225,23043449,23248059,23449180,23639303,23813333,23969917,24111989,24243894,24371865,24500520,24631291,24763188,24895480,..
人口，总数,SP.POP.TOTL,大韩民国,KOR,38123775,38723248,39326352,39910403,40405956,40805744,41213674,41621690,42031247,42449038,42869283,43295704,43747962,44194628,44641540,45092991,45524681,45953580,46286503,46616677,47008111,47357362,47622179,47859311,48039415,48138077,48371946,48597652,48948698,49182038,49410366,49779440,50004441,50219669,..
人口，总数,SP.POP.TOTL,科索沃,KSV,1521000,1552000,1582000,1614000,1647000,1682000,1717000,1753000,1791000,1827000,1862000,1898000,1932000,1965000,1997000,2029000,2059000,2086000,1966000,1762000,1700000,1701154,1702310,1703466,1704622,1705780,1719536,1733404,1747383,1761474,1775680,1790957,1807106,1824000,..
人口，总数,SP.POP.TOTL,科威特,KWT,1371494,1439561,1507059,1576266,1650388,1730441,1821560,1919980,2007415,2059222,2059774,1999651,..,..,..,1586123,1585244,1635999,1722208,1818405,1906231,1980604,2048232,2116353,2196466,2296314,2417445,2554920,2702221,2850102,2991580,3124705,3250496,3368572,..
人口，总数,SP.POP.TOTL,吉尔吉斯斯坦,KGZ,3617400,3685800,3759300,3838300,3916400,3990300,4066500,4144600,4218400,4307500,4391200,4463600,4515400,4516700,4515100,4560400,4628400,4696400,4769000,4840400,4898400,4945100,4990700,5043300,5104700,5162600,5218400,5268400,5318700,5383300,5447900,5514600,5607200,5719500,..
人口，总数,SP.POP.TOTL,老挝,LAO,3250924,3315725,3393250,3481583,3577281,3677692,3782195,3891340,4004881,4122737,4244520,4369940,4497827,4625861,4751142,4871472,4986592,5096724,5200898,5298146,5388281,5470169,5545245,5619069,5699112,5790646,5895930,6013278,6139127,6267968,6395713,6521314,6645827,6769727,..
人口，总数,SP.POP.TOTL,拉脱维亚,LVA,2511701,2519421,2531080,2546011,2562047,2578873,2599892,2626583,2653434,2666955,2663151,2650581,2614338,2563290,2520742,2485056,2457222,2432851,2410019,2390482,2367550,2337170,2310173,2287955,2263122,2238799,2218357,2200325,2177322,2141669,2097555,2059709,2034319,2013385,..
人口，总数,SP.POP.TOTL,黎巴嫩,LBN,2605294,2615753,2632281,2651295,2667229,2676593,2677290,2672182,2668593,2676615,2703019,2752473,2821868,2900862,2974647,3033406,3070984,3092718,3114014,3156706,3235380,3357600,3515604,3690110,3853582,3986865,4079823,4139813,4186088,4246924,4341092,4382790,4424888,4467390,..
人口，总数,SP.POP.TOTL,莱索托,LSO,1307403,1340694,1374044,1406818,1438248,1467856,1495101,1520244,1544580,1569936,1597534,1627900,1660360,1693459,1725118,1753824,1779197,1801679,1821609,1839611,1856225,1871500,1885487,1898757,1912022,1925844,1940413,1955784,1972199,1989873,2008921,2029516,2051545,2074465,..
人口，总数,SP.POP.TOTL,利比里亚,LBR,1892529,1961795,2036325,2107523,2163835,2197442,2206867,2196204,2170426,2137018,2102877,2066060,2028672,2006349,2019148,2079921,2197801,2365290,2558085,2741755,2891968,2998770,3070673,3124222,3184643,3269786,3384791,3522294,3672714,3821440,3957990,4079697,4190435,4294077,..
人口，总数,SP.POP.TOTL,利比亚,LBY,3078255,3207065,3342302,3479637,3613208,3738814,3854631,3961787,4062672,4161093,4259811,4359515,4459214,4558021,4654483,4747619,4837354,4924347,5009240,5092939,5176185,5258677,5340389,5422612,5507000,5594450,5686475,5782108,5876805,5964325,6040612,6103233,6154623,6201521,..
人口，总数,SP.POP.TOTL,列支敦士登,LIE,25869,26221,26514,26768,27009,27259,27523,27797,28089,28404,28745,29114,29512,29934,30373,30824,31287,31758,32227,32676,33093,33475,33821,34141,34445,34740,35028,35308,35582,35851,36120,36388,36656,36925,..
人口，总数,SP.POP.TOTL,立陶宛,LTU,3413202,3432947,3457179,3485192,3514205,3544543,3578914,3616367,3655049,3684255,3697838,3704134,3700114,3682613,3657144,3629102,3601613,3575137,3549331,3524238,3499536,3470818,3443067,3415213,3377075,3322528,3269909,3231294,3198231,3162916,3097282,3028115,2987773,2956121,..
人口，总数,SP.POP.TOTL,卢森堡,LUX,364150,365225,365525,365622,365998,366706,368355,370750,373450,377100,381850,387000,392175,397475,402925,408625,414225,419450,424700,430475,436300,441525,446175,451630,458095,465158,472637,479993,488650,497783,506953,518347,530946,543202,..
人口，总数,SP.POP.TOTL,中国澳门特别行政区,MAC,246236,252258,260921,271674,283672,296222,309226,322655,335952,348467,359735,369484,377799,385041,391783,398459,405231,412031,418810,425448,431907,438080,444150,450711,458542,468149,479808,493206,507528,521617,534626,546278,556783,566375,..
人口，总数,SP.POP.TOTL,马其顿王国,MKD,1895727,1911496,1922729,1931280,1939913,1950487,1964188,1980064,1995338,2006063,2009710,2004813,1993080,1978999,1968851,1967013,1975207,1991687,2013117,2034487,2052129,2065098,2074441,2080866,2085728,2090044,2093801,2096620,2098769,2100558,2102216,2103890,2105575,2107158,..
人口，总数,SP.POP.TOTL,马达加斯加,MDG,8746516,8983494,9220693,9462343,9714342,9981113,10264368,10563491,10877757,11205548,11545782,11898267,12263899,12643864,13039754,13452526,13882646,14329239,14790245,15262817,15744811,16235767,16736029,17245275,17763367,18290394,18826126,19371023,19926785,20495695,21079532,21678934,22293914,22924851,..
人口，总数,SP.POP.TOTL,马拉维,MWI,6236824,6403934,6559281,6731171,6958278,7264519,7667832,8150040,8655185,9105429,9447123,9657518,9759434,9800635,9851737,9964065,10153315,10404259,10700180,11012707,11321496,11623166,11926778,12238739,12569091,12924746,13307535,13713758,14138207,14573338,15013694,15457531,15906483,16362567,..
人口，总数,SP.POP.TOTL,马来西亚,MYS,13833739,14180093,14543585,14926976,15333369,15764340,16221767,16703500,17202032,17707064,18211097,18709963,19205112,19701410,20206546,20725374,21259831,21805835,22355057,22896048,23420751,23925742,24413795,24890654,25365089,25843466,26327098,26813819,27302348,27790324,28275835,28758968,29239927,29716965,..
人口，总数,SP.POP.TOTL,马尔代夫,MDV,154316,159459,165053,171015,177213,183538,189974,196513,203072,209545,215859,221963,227863,233611,239291,244965,250659,256347,261973,267456,272745,277825,282743,287594,292505,297576,302825,308239,313843,319660,325694,331964,338442,345023,..
人口，总数,SP.POP.TOTL,马里,MLI,6735247,6865516,7004456,7145879,7281246,7405201,7514770,7613990,7713098,7826368,7964066,8130473,8322743,8535338,8759442,8988853,9222157,9462256,9712365,9977308,10260577,10562768,10882662,11219737,11572936,11941258,12325545,12725629,13138299,13559296,13985961,14416737,14853572,15301650,..
人口，总数,SP.POP.TOTL,马耳他,MLT,316645,318982,325898,330524,330593,336452,342121,344485,347325,350722,354170,357727,361260,364704,367941,370433,372687,375236,377516,379360,381363,393028,395969,398582,401268,403834,405308,406724,409379,412477,414508,416268,419455,423282,..
人口，总数,SP.POP.TOTL,马绍尔群岛,MHL,30581,31895,33334,34895,36567,38334,40203,42148,44063,45813,47300,48481,49382,50052,50577,51020,51397,51697,51922,52076,52161,52184,52161,52115,52074,52058,52084,52150,52245,52341,52428,52495,52555,52634,..
人口，总数,SP.POP.TOTL,毛里塔尼亚,MRT,1534141,1578670,1624427,1671233,1718837,1767099,1815983,1865686,1916611,1969295,2024163,2081380,2140957,2202966,2267433,2334388,2403805,2475726,2550307,2627739,2708095,2791403,2877431,2965667,3055425,3146164,3237713,3330037,3422901,3516077,3609420,3702763,3796141,3889880,..
人口，总数,SP.POP.TOTL,毛里求斯,MUS,966000,979133,990754,1000804,1009233,1016000,1024680,1032760,1040841,1048921,1058775,1070266,1084441,1097374,1112846,1122457,1133996,1148284,1160421,1175267,1186873,1199881,1210196,1222811,1233386,1243253,1252698,1260403,1268565,1275032,1280924,1286051,1291167,1296303,..
人口，总数,SP.POP.TOTL,墨西哥,MEX,70353013,71916281,73415735,74880326,76351106,77859344,79410218,80999175,82635332,84326921,86077004,87890094,89757916,91653826,93541577,95392647,97201533,98968558,100678867,102316781,103873607,105339877,106723661,108056312,109381550,110731826,112116694,113529819,114968039,116422752,117886404,119361233,120847477,122332399,..
人口，总数,SP.POP.TOTL,密克罗尼西亚联邦,FSM,72967,75462,78057,80678,83242,85689,87948,90024,92020,94091,96331,98800,101412,103937,106057,107556,108342,108506,108236,107808,107430,107170,106983,106816,106575,106198,105686,105097,104498,103983,103619,103424,103395,103549,..
人口，总数,SP.POP.TOTL,摩尔多瓦,MDA,3397000,3429000,3464000,3500000,3536000,3570000,3602000,3632000,3659000,3681000,3696000,3706000,3709000,3705000,3694000,3675099,3667748,3654208,3652732,3647001,3639592,3631462,3623062,3612874,3603945,3595187,3585209,3576910,3570108,3565604,3562045,3559986,3559519,3559000,..
人口，总数,SP.POP.TOTL,摩纳哥,MCO,26746,27165,27629,28098,28514,28836,29048,29169,29238,29313,29438,29626,29864,30138,30423,30700,30971,31242,31517,31795,32081,32366,32653,32968,33346,33808,34369,35013,35686,36314,36845,37261,37579,37831,..
人口，总数,SP.POP.TOTL,蒙古,MNG,1689621,1733477,1777724,1823211,1871083,1921881,1976309,2033347,2089721,2141016,2184159,2217937,2243525,2263224,2280519,2298063,2316598,2335723,2355618,2376197,2397473,2419669,2443231,2468595,2496248,2526502,2559496,2595068,2632834,2672223,2712738,2754209,2796484,2839073,..
人口，总数,SP.POP.TOTL,黑山,MNE,579088,582632,585565,588228,591105,594509,598606,603201,607814,611773,614601,616158,616630,616282,615521,614669,613774,612812,611947,611367,611196,611525,612325,613448,614670,615820,616854,617800,618649,619408,620078,620644,621081,621383,..
人口，总数,SP.POP.TOTL,摩洛哥,MAR,19798703,20274839,20767511,21270638,21776104,22277541,22772287,23260094,23739980,24211718,24674974,25128064,25569662,26000345,26421309,26833093,27237150,27632321,28013585,28374203,28710123,29021156,29311443,29586937,29855820,30125445,30395097,30667086,30955151,31276564,31642360,32059424,32521143,33008150,..
人口，总数,SP.POP.TOTL,莫桑比克,MOZ,12142014,12438624,12729259,12992559,13200833,13338850,13390888,13374618,13348965,13394656,13567959,13893546,14350459,14893218,15453464,15981571,16463426,16914628,17350739,17798102,18275618,18785719,19319894,19873460,20438827,21010376,21587317,22171404,22762525,23361025,23967265,24581367,25203395,25833752,..
人口，总数,SP.POP.TOTL,缅甸,MMR,34474755,35288662,36114948,36942428,37756446,38546211,39307611,40042444,40753329,41445433,42123003,42782387,43422423,44052710,44686091,45329862,45991828,46664455,47321204,47925630,48453000,48894203,49261313,49577152,49875169,50181020,50500070,50828959,51174018,51540490,51931231,52350763,52797319,53259018,..
人口，总数,SP.POP.TOTL,纳米比亚,NAM,1012761,1034446,1056758,1081740,1112044,1149389,1194769,1247186,1303879,1360921,1415447,1466152,1513689,1559480,1605828,1654214,1705309,1757969,1809719,1857149,1897953,1931282,1958303,1981237,2003320,2027026,2052931,2080700,2110791,2143498,2178967,2217618,2259393,2303315,..
人口，总数,SP.POP.TOTL,尼泊尔,NPL,14384864,14718228,15062998,15417207,15778051,16143975,16513244,16887696,17273606,17679536,18111200,18569445,19050879,19551500,20065413,20587157,21115271,21647305,22175431,22690158,23184177,23655119,24102862,24525527,24921910,25292058,25634043,25950022,26249412,26544943,26846016,27156367,27474377,27797457,..
人口，总数,SP.POP.TOTL,荷兰,NLD,14149800,14247208,14312690,14367070,14424211,14491632,14572278,14665037,14760094,14848907,14951510,15069798,15184166,15290368,15382838,15459006,15530498,15610650,15707209,15812088,15925513,16046180,16148929,16225302,16281779,16319868,16346101,16381696,16445593,16530388,16615394,16693074,16754962,16804224,..
人口，总数,SP.POP.TOTL,新喀里多尼亚,NCL,143000,144000,144500,145400,150616,153000,154000,156751,159710,164200,168000,172167,176724,181696,187111,193000,197000,201642,205000,209214,213230,217324,221490,225735,230068,234393,238459,242400,243985,245580,250000,254000,258000,262000,..
人口，总数,SP.POP.TOTL,新西兰,NZL,3112900,3124900,3156100,3199300,3227100,3247100,3246300,3274400,3283400,3299200,3329800,3495100,3531700,3572200,3620000,3673400,3732000,3781300,3815000,3835100,3857700,3880500,3948500,4027200,4087500,4133900,4184600,4228300,4268900,4315800,4367800,4405200,4433000,4470800,..
人口，总数,SP.POP.TOTL,尼加拉瓜,NIC,3250470,3343536,3437017,3529935,3621067,3709708,3794923,3877325,3959636,4045623,4137788,4237154,4342319,4450371,4557125,4659458,4756631,4849272,4937320,5021079,5100920,5176685,5248577,5317878,5386299,5455219,5524927,5595533,5667983,5743329,5822209,5905146,5991733,6080478,..
人口，总数,SP.POP.TOTL,尼日尔,NER,5834248,5998722,6167768,6341634,6520599,6705210,6895733,7093264,7300220,7519642,7753907,8004058,8270248,8552812,8851763,9167078,9499605,9849621,10215806,10596258,10989815,11396434,11817297,12254040,12708897,13183798,13679705,14197289,14737895,15302948,15893746,16511462,17157042,17831270,..
人口，总数,SP.POP.TOTL,尼日利亚,NGA,73698099,75729574,77729805,79729313,81775217,83901572,86118046,88412920,90773617,93179760,95617350,98085373,100592242,103144749,105752796,108424827,111166210,113979481,116867371,119831888,122876727,126004992,129224641,132550146,135999250,139585891,143314909,147187353,151208080,155381020,159707780,164192925,168833776,173615345,..
人口，总数,SP.POP.TOTL,北马里亚纳群岛,MNP,17048,18906,21393,24308,27363,30341,33173,35904,38570,41243,43972,46719,49429,52120,54817,57518,60248,62939,65374,67271,68434,68817,68499,67562,66143,64372,62235,59792,57345,55278,53860,53230,53305,53855,..
人口，总数,SP.POP.TOTL,挪威,NOR,4085620,4099702,4114787,4128432,4140099,4152516,4167354,4186905,4209488,4226901,4241473,4261732,4286401,4311991,4336613,4359184,4381336,4405157,4431464,4461913,4490967,4513751,4538159,4564855,4591910,4623291,4660677,4709153,4768212,4828726,4889252,4953088,5018573,5084190,..
人口，总数,SP.POP.TOTL,阿曼,OMN,1154375,1220512,1289842,1360637,1430680,1498416,1562144,1622123,1681070,1742950,1810103,1885036,1965586,2043912,2109246,2154600,2175998,2177723,2171135,2172287,2192535,2239025,2308409,2389121,2464001,2522325,2554905,2569739,2593523,2663224,2802768,3024774,3314001,3632444,..
人口，总数,SP.POP.TOTL,巴基斯坦,PAK,79984297,82733080,85601555,88577077,91643160,94783463,97998462,101278129,104583470,107865403,111090879,114229172,117291344,120336722,123450933,126689577,130083700,133597492,137139290,140580398,143832014,146857081,149693684,152419974,155151394,157971415,160905794,163928329,167008083,170093999,173149306,176166353,179160111,182142594,..
人口，总数,SP.POP.TOTL,帕劳,PLW,12197,12383,12667,13015,13371,13698,13982,14237,14485,14762,15089,15471,15894,16345,16805,17255,17695,18123,18524,18878,19174,19404,19575,19700,19805,19907,20012,20118,20228,20344,20470,20606,20754,20918,..
人口，总数,SP.POP.TOTL,巴拿马,PAN,1990062,2038073,2086331,2134880,2183773,2233064,2282798,2333008,2383722,2434964,2486776,2539140,2592117,2645922,2700823,2757004,2814525,2873288,2933100,2993685,3054812,3116409,3178450,3240805,3303335,3365929,3428509,3491034,3553480,3615846,3678128,3740282,3802281,3864170,..
人口，总数,SP.POP.TOTL,巴布亚新几内亚,PNG,3215483,3304188,3395798,3489402,3583707,3677854,3771592,3865448,3960314,4057467,4157903,4261797,4369087,4480243,4595761,4715929,4841020,4970823,5104516,5240941,5379226,5518971,5660267,5803302,5948461,6095959,6245797,6397623,6550877,6704829,6858945,7012977,7167010,7321262,..
人口，总数,SP.POP.TOTL,巴拉圭,PRY,3198848,3291955,3390101,3492295,3597135,3703512,3811042,3919708,4029203,4139286,4249747,4360358,4470934,4581390,4691695,4801834,4911701,5021271,5130723,5240321,5350253,5460621,5571371,5682350,5793330,5904170,6014781,6125285,6236005,6347383,6459721,6573097,6687361,6802295,..
人口，总数,SP.POP.TOTL,秘鲁,PER,17328542,17766418,18203502,18641054,19081183,19525200,19973258,20424055,20875714,21325690,21772035,22213359,22649612,23081735,23511358,23939261,24365985,24789855,25206817,25611482,26000080,26372358,26729909,27073334,27403845,27723281,28030688,28328410,28625628,28934303,29262830,29614887,29987800,30375603,..
人口，总数,SP.POP.TOTL,菲律宾,PHL,47398432,48716422,50067906,51453251,52872611,54324952,55811616,57329415,58867229,60410438,61948688,63476449,64996507,66517085,68050807,69606539,71184718,72780928,74393147,76018006,77651848,79297756,80953652,82604681,84231329,85821214,87366573,88875548,90371287,91886400,93444322,95053437,96706764,98393574,..
人口，总数,SP.POP.TOTL,波兰,POL,35574150,35898587,36230481,36571808,36904134,37201885,37456119,37668045,37824487,37961529,38110782,38246193,38363667,38461408,38542652,38594998,38624370,38649660,38663481,38660271,38258629,38248076,38230364,38204570,38182222,38165445,38141267,38120560,38125759,38151603,38183683,38534157,38535873,38530725,..
人口，总数,SP.POP.TOTL,葡萄牙,PRT,9766312,9851362,9911771,9957865,9996232,10023613,10032734,10030031,10019610,10005000,9983218,9960235,9952494,9964675,9991525,10026176,10063945,10108977,10160196,10217828,10289898,10362722,10419631,10458821,10483861,10503330,10522288,10542964,10558177,10568247,10573100,10557560,10514844,10459806,..
人口，总数,SP.POP.TOTL,波多黎各,PRI,3206000,3242552,3277453,3311138,3344190,3377000,3409554,3441850,3473898,3505650,3537000,3562110,3585176,3615497,3649237,3683103,3724655,3759430,3781101,3800081,3810605,3818774,3823701,3826095,3826878,3821362,3805214,3782995,3760866,3740410,3721208,3686580,3651545,3615086,..
人口，总数,SP.POP.TOTL,卡塔尔,QAT,223752,248077,277245,309256,341249,371026,398284,423300,445197,463079,476517,485129,489606,491996,495106,501154,512476,529491,550367,572155,593693,611808,629745,660238,720383,821159,967602,1152459,1359114,1564082,1749713,1910902,2050514,2168673,..
人口，总数,SP.POP.TOTL,罗马尼亚,ROM,22242653,22415169,22515389,22588790,22655940,22755427,22859269,22949430,23057662,23161458,23201835,23001155,22794284,22763280,22730211,22684270,22619004,22553978,22507344,22472040,22442971,22131970,21730496,21574326,21451748,21319685,21193760,20882982,20537875,20367487,20246871,20147528,20076727,19963581,..
人口，总数,SP.POP.TOTL,俄罗斯联邦,RUS,139010000,139941000,140823000,141668000,142745000,143858000,144894000,145908000,146857000,147721000,148292000,148624000,148689000,148520000,148336000,148141000,148160126,147915373,147670780,147214777,146596870,145976473,145408033,144667468,143821212,143113885,142487260,142114903,141956409,141909244,142385523,142956460,143178000,143499861,..
人口，总数,SP.POP.TOTL,卢旺达,RWA,5140786,5313633,5485328,5666907,5873794,6112554,6405995,6740876,7045785,7223798,7214696,6973664,6545100,6066268,5728464,5663838,5929575,6470628,7169658,7853015,8395577,8760003,8987523,9126167,9254379,9429457,9660946,9928143,10222961,10529668,10836732,11144315,11457801,11776522,..
人口，总数,SP.POP.TOTL,萨摩亚,WSM,155554,156435,157401,158383,159281,160030,160591,161014,161424,162001,162865,164073,165568,167206,168786,170158,171276,172191,172979,173758,174614,175567,176592,177677,178794,179928,181073,182240,183444,184704,186029,187429,188889,190372,..
人口，总数,SP.POP.TOTL,圣马力诺,SMR,21397,21706,21989,22255,22514,22776,23041,23304,23571,23847,24135,24441,24766,25093,25402,25680,25914,26114,26321,26594,26969,27467,28064,28700,29290,29775,30130,30377,30549,30698,30861,31048,31247,31448,..
人口，总数,SP.POP.TOTL,圣多美和普林西比,STP,94953,96991,98802,100515,102325,104371,106684,109211,111894,114647,117395,120154,122929,125628,128135,130378,132323,134029,135650,137396,139428,141783,144447,147455,150842,154615,158806,163390,168253,173240,178228,183177,188098,192993,..
人口，总数,SP.POP.TOTL,沙特阿拉伯,SAU,9843265,10484746,11172632,11885086,12592829,13273786,13918323,14528398,15107785,15665086,16206078,16739895,17263613,17758096,18197011,18567343,18848350,19060850,19282965,19620692,20144584,20891594,21825217,22852333,23839231,24690067,25371936,25915624,26366358,26796375,27258387,27761728,28287855,28828870,..
人口，总数,SP.POP.TOTL,塞内加尔,SEN,5568908,5723711,5888343,6062681,6246065,6437891,6638009,6846349,7062329,7285204,7514110,7749606,7990968,8234586,8475766,8711528,8940298,9164050,9387783,9618564,9861679,10119118,10390050,10673535,10967568,11270826,11582925,11904974,12238791,12586827,12950564,13330737,13726021,14133280,..
人口，总数,SP.POP.TOTL,塞尔维亚,SRB,..,..,..,..,..,..,..,..,..,..,7586000,7595636,7646424,7699307,7734639,7738987,7708878,7649631,7567745,7540401,7516346,7503433,7500031,7480591,7463157,7440769,7411569,7381579,7350221,7320807,7291436,7234099,7199077,7163976,..
人口，总数,SP.POP.TOTL,塞舌尔,SYC,64400,65128,65780,66367,66902,67400,67877,68352,68848,69388,70000,70755,71657,72711,73925,75304,76417,77319,78846,80410,81131,81202,83700,82800,82500,82900,84600,85033,86956,87298,89770,87441,88303,89173,..
人口，总数,SP.POP.TOTL,塞拉利昂,SLE,3180237,3255883,3330947,3408340,3492174,3584397,3688492,3800961,3908478,3993016,4042678,4053257,4031730,3991434,3951544,3927105,3919708,3928313,3961869,4030443,4139757,4295667,4493047,4712763,4928175,5119895,5280909,5416015,5532139,5641182,5751976,5865491,5978727,6092075,..
人口，总数,SP.POP.TOTL,新加坡,SGP,2413900,2532800,2646500,2681100,2732200,2736000,2733400,2774800,2846100,2930900,3047100,3135100,3230700,3313500,3419000,3524500,3670700,3796000,3927200,3958700,4027900,4138000,4176000,4114800,4166700,4265800,4401400,4588600,4839400,4987600,5076700,5183700,5312400,5399200,..
人口，总数,SP.POP.TOTL,圣马丁(荷属),SXM,..,..,..,..,..,..,..,..,..,..,..,..,..,..,..,..,..,..,31240,31084,30519,31189,32566,33791,35318,36936,38272,39464,40459,39133,37850,38486,39088,39689,..
人口，总数,SP.POP.TOTL,斯洛伐克共和国,SVK,4979815,5016105,5055099,5091971,5127097,5161768,5193838,5222840,5250596,5275942,5299187,5303294,5305016,5325305,5346331,5361999,5373361,5383291,5390516,5396020,5388720,5378867,5376912,5373374,5372280,5372807,5373054,5374622,5379233,5386406,5391428,5398384,5407579,5414095,..
人口，总数,SP.POP.TOTL,斯洛文尼亚,SVN,1901315,1906531,1910334,1922321,1932154,1941641,1965964,1989776,1995196,1996351,1998161,1999429,1996498,1991746,1989443,1989872,1988628,1985956,1981629,1983045,1988925,1992060,1994530,1995733,1997012,2000474,2006868,2018122,2021316,2039669,2048583,2052843,2057159,2060484,..
人口，总数,SP.POP.TOTL,所罗门群岛,SLB,230614,238488,246502,254602,262719,270809,278846,286868,294962,303258,311849,320764,329984,339490,349250,359236,369439,379861,390493,401323,412336,423529,434880,446335,457827,469306,480745,492148,503541,514964,526447,537997,549598,561231,..
人口，总数,SP.POP.TOTL,索马里,SOM,6089707,6251730,6271538,6199671,6113252,6068425,6082723,6138907,6217331,6285456,6321615,6319531,6294017,6269244,6278911,6346440,6481035,6673254,6904978,7149044,7385416,7609265,7825924,8037706,8249965,8466938,8687671,8910851,9140259,9380854,9636173,9907903,10195134,10495583,..
人口，总数,SP.POP.TOTL,南非,ZAF,27576000,28254655,28971839,29724004,30505361,31307880,32121290,32933081,33728498,34490549,35200000,35933108,36690739,37473796,38283223,39120000,40000247,40926063,41899683,42923485,44000000,44909738,45808736,46409243,47019452,47639556,48269753,48910248,49561256,50222996,50895698,51579599,52274945,52981991,..
人口，总数,SP.POP.TOTL,南苏丹,SSD,4701961,4850393,5007897,5166491,5315479,5446452,5562024,5663186,5738763,5774680,5764216,5698383,5588959,5475424,5411318,5434266,5561120,5779278,6060600,6362201,6652984,6924455,7186820,7449905,7730180,8039351,8376893,8736736,9118386,9520571,9940929,10381110,10837527,11296173,..
人口，总数,SP.POP.TOTL,西班牙,ESP,37439035,37740556,37942805,38122429,38278575,38418817,38535617,38630820,38715849,38791473,38850435,38939049,39067745,39189400,39294967,39387017,39478186,39582413,39721108,39926268,40263216,40756001,41431558,42187645,42921895,43653155,44397319,45226803,45954106,46362946,46576897,46742697,46761264,46647421,..
人口，总数,SP.POP.TOTL,斯里兰卡,LKA,14747000,14847000,15196000,15417000,15603000,15842000,16127000,16373000,16599000,16825000,17015000,17267000,17426000,17646000,17891000,18136000,18336000,18568000,18784000,19056000,19102000,18797000,18921000,19173000,19435000,19644000,19858000,20039000,20217000,20450000,20653000,20869000,20328000,20483000,..
人口，总数,SP.POP.TOTL,圣基茨和尼维斯,KNA,43205,42978,42761,42539,42294,42017,41697,41353,41045,40854,40833,41009,41360,41836,42363,42888,43391,43885,44391,44938,45544,46214,46934,47679,48421,49139,49823,50478,51110,51731,52352,52971,53584,54191,..
人口，总数,SP.POP.TOTL,圣卢西亚,LCA,117984,119593,121150,122738,124468,126416,128620,131032,133532,135954,138180,140159,141934,143592,145262,147040,148962,150994,153066,155073,156949,158650,160217,161766,163460,165407,167658,170149,172734,175200,177397,179271,180870,182273,..
人口，总数,SP.POP.TOTL,圣马丁（法属）,MAF,7580,7868,8670,10547,12790,15392,18337,21628,24873,27676,30036,31821,32892,33238,33098,32712,32102,31304,30358,29305,28384,27782,27450,27363,27514,27906,28414,28905,29376,29820,30235,30615,30959,31264,..
人口，总数,SP.POP.TOTL,圣文森特和格林纳丁斯,VCT,100506,101378,102202,102985,103742,104477,105197,105892,106533,107081,107509,107811,108001,108097,108129,108122,108078,108001,107923,107879,107897,107989,108150,108353,108562,108749,108908,109045,109158,109249,109316,109357,109373,109373,..
人口，总数,SP.POP.TOTL,苏丹,SDN,14418063,14935032,15469003,16012898,16557307,17097619,17622954,18139966,18682216,19295483,20008804,20840825,21771781,22745490,23683211,24529722,25263021,25903704,26491253,27085465,27729798,28434810,29186427,29973979,30778572,31585871,32397535,33218250,34040065,34853178,35652002,36430923,37195349,37964306,..
人口，总数,SP.POP.TOTL,苏里南,SUR,365616,366637,367895,369654,372272,375979,380890,386852,393483,400251,406764,412884,418700,424326,429968,435776,441734,447771,453920,460215,466668,473312,480099,486867,493394,499523,505186,510433,515372,520173,524960,529761,534541,539276,..
人口，总数,SP.POP.TOTL,斯威士兰,SWZ,603373,621314,639333,658496,680253,705492,734790,767417,801350,833787,862728,887248,907947,926224,944223,963428,984506,1006760,1028694,1048151,1063715,1074761,1082183,1087929,1094758,1104642,1118253,1134977,1153929,1173678,1193148,1212159,1230985,1249514,..
人口，总数,SP.POP.TOTL,瑞典,SWE,8310531,8320503,8325263,8329033,8336605,8350386,8369829,8397804,8436489,8492964,8558835,8617375,8668067,8718561,8780745,8826939,8840998,8846062,8850974,8857874,8872109,8895960,8924958,8958229,8993531,9029572,9080505,9148092,9219637,9298515,9378126,9449213,9519374,9592552,..
人口，总数,SP.POP.TOTL,瑞士,CHE,6319408,6354074,6391309,6418773,6441865,6470365,6504124,6545106,6593386,6646912,6715519,6799978,6875364,6938265,6993795,7040687,7071850,7088906,7110001,7143991,7184250,7229854,7284753,7339001,7389625,7437115,7483934,7551117,7647675,7743831,7824909,7912398,7996861,8081482,..
人口，总数,SP.POP.TOTL,阿拉伯叙利亚共和国,SYR,8956156,9277280,9613572,9960919,10313558,10667245,11020570,11374437,11729760,12088336,12451539,12818302,13187960,13562742,13945646,14338240,14746306,15168523,15591261,15995760,16371208,16700984,16994676,17298476,17676012,18167367,18804914,19561477,20346056,21031546,21532647,21961676,22399254,22845550,..
人口，总数,SP.POP.TOTL,塔吉克斯坦,TJK,3917642,4030104,4146923,4269775,4400743,4540688,4690913,4849253,5008827,5160375,5297286,5417554,5523207,5616797,5702611,5784330,5862347,5937177,6012933,6094661,6186152,6289340,6404118,6529609,6663929,6805655,6954522,7111025,7275252,7447396,7627326,7814850,8008990,8207834,..
人口，总数,SP.POP.TOTL,坦桑尼亚,TZA,18686808,19282215,19898033,20532688,21183696,21849853,22527517,23218477,23933171,24685791,25484814,26337403,27236099,28157055,29067333,29944302,30780453,31586039,32378333,33183093,34020512,34895398,35806497,36760831,37765139,38824384,39942347,41119693,42353790,43639752,44973330,46354607,47783107,49253126,..
人口，总数,SP.POP.TOTL,泰国,THA,47369137,48319564,49247430,50165305,51090390,52031925,53003237,53993052,54956736,55833321,56582726,57184324,57661001,58069612,58491145,58983954,59562136,60206941,60903042,61623143,62343379,63069070,63797841,64488338,65087400,65559487,65883961,66076927,66185340,66277335,66402316,66576332,66785001,67010502,..
人口，总数,SP.POP.TOTL,东帝汶,TMP,580730,583567,596572,616650,638938,659876,678277,695175,711794,730158,751488,776772,804803,832053,853716,866700,869024,862622,853069,848230,853585,871353,899367,933369,966987,982889,999053,1015482,1032182,1049156,1066409,1120392,1148958,1178252,..
人口，总数,SP.POP.TOTL,多哥,TGO,2720838,2812051,2915098,3026308,3140297,3252995,3363537,3472650,3579803,3684782,3787602,3887716,3985364,4082422,4181481,4284497,4392177,4504291,4620710,4740974,4864753,4992225,5123674,5258956,5397851,5540214,5685845,5834806,5987491,6144457,6306014,6472304,6642928,6816982,..
人口，总数,SP.POP.TOTL,汤加,TON,93007,93451,93682,93774,93838,93953,94149,94403,94687,94952,95165,95321,95443,95560,95712,95928,96218,96574,96991,97457,97962,98504,99083,99691,100319,100960,101617,102289,102947,103557,104098,104554,104941,105323,..
人口，总数,SP.POP.TOTL,特立尼达和多巴哥,TTO,1085308,1102562,1120610,1138673,1155701,1170935,1184053,1195243,1204890,1213625,1221904,1229906,1237486,1244410,1250316,1255001,1258365,1260677,1262544,1264781,1267980,1272347,1277723,1283868,1290379,1296933,1303478,1310040,1316449,1322518,1328095,1333082,1337439,1341151,..
人口，总数,SP.POP.TOTL,突尼斯,TUN,6384000,6555185,6729178,6905136,7042550,7260361,7492633,7684751,7857619,7958694,8154400,8318200,8489900,8657400,8815400,8957500,9089300,9215000,9333300,9455900,9563500,9673600,9781900,9839800,9932400,10029000,10127900,10225100,10328900,10439600,10549100,10673800,10777500,10886500,..
人口，总数,SP.POP.TOTL,土耳其,TUR,43905790,44936836,45997940,47072603,48138191,49178079,50186914,51168270,52125597,53065801,53994605,54911233,55815175,56713073,57613441,58522320,59442502,60372413,61308204,62243779,63174483,64100297,65022300,65938265,66845635,67743052,68626337,69496513,70363511,71241080,72137546,73058638,73997128,74932641,..
人口，总数,SP.POP.TOTL,土库曼斯坦,TKM,2861000,2931343,3002785,3075867,3151262,3229499,3310059,3392823,3479088,3570558,3668000,3772350,3881973,3991917,4095512,4188010,4267690,4335991,4395293,4449427,4501419,4551762,4600171,4648037,4696876,4747839,4801595,4858236,4917543,4978962,5041995,5106668,5172931,5240072,..
人口，总数,SP.POP.TOTL,特克斯科斯群岛,TCA,7525,7855,8245,8671,9097,9502,9873,10224,10588,11019,11550,12205,12970,13793,14597,15334,15967,16527,17114,17866,18876,20186,21740,23412,25025,26450,27642,28638,29481,30247,30993,31726,32427,33098,..
人口，总数,SP.POP.TOTL,图瓦卢,TUV,8051,8160,8284,8413,8537,8648,8741,8821,8889,8949,9004,9056,9103,9148,9188,9227,9264,9298,9334,9374,9419,9471,9530,9590,9646,9694,9732,9764,9788,9808,9827,9844,9860,9876,..
人口，总数,SP.POP.TOTL,乌干达,UGA,12549779,12930714,13324390,13738114,14181630,14661481,15180721,15736176,16320417,16922648,17534839,18156095,18788440,19430461,20081152,20740726,21407693,22084527,22780451,23507800,24275641,25088033,25943441,26838428,27766986,28724869,29711397,30728747,31778799,32864328,33987213,35148064,36345860,37578876,..
人口，总数,SP.POP.TOTL,乌克兰,UKR,49973757,50221000,50384000,50564000,50754000,50917000,51097000,51293000,51521000,51773000,51892000,52000470,52150266,52179210,51921041,51512299,51057189,50594105,50143939,49673350,49175848,48683865,48202500,47812950,47451600,47105150,46787750,46509350,46258200,46053300,45870700,45706100,45593300,45489600,..
人口，总数,SP.POP.TOTL,阿拉伯联合酋长国,ARE,1014825,1090660,1155765,1215380,1277300,1347218,1426915,1514798,1609170,1707085,1806498,1908002,2012977,2121143,2232159,2346305,2470810,2608993,2753498,2893648,3026352,3132104,3223969,3369254,3658658,4148883,4875639,5797347,6798635,7718319,8441537,8925096,9205651,9346129,..
人口，总数,SP.POP.TOTL,英国,GBR,56314216,56333829,56313641,56332848,56422072,56550268,56681396,56802050,56928327,57076711,57247586,57424897,57580402,57718614,57865745,58019030,58166950,58316954,58487141,58682466,58892514,59119673,59370479,59647577,59987905,60401206,60846820,61322463,61806995,62276270,62766365,63258918,63695687,64097085,..
人口，总数,SP.POP.TOTL,美国,USA,227225000,229466000,231664000,233792000,235825000,237924000,240133000,242289000,244499000,246819000,249623000,252981000,256514000,259919000,263126000,266278000,269394000,272657000,275854000,279040000,282162411,284968955,287625193,290107933,292805298,295516599,298379912,301231207,304093966,306771529,309326295,311582564,313873685,316128839,..
人口，总数,SP.POP.TOTL,乌拉圭,URY,2915735,2934985,2954236,2973436,2992644,3011918,3031053,3049987,3069112,3088980,3109941,3131936,3154657,3177867,3201235,3224383,3247585,3270549,3291677,3308884,3320841,3326762,3327500,3325411,3323822,3325155,3330217,3338384,3348898,3360431,3371982,3383486,3395253,3407062,..
人口，总数,SP.POP.TOTL,乌兹别克斯坦,UZB,16026812,16454356,16889450,17331390,17778956,18231176,18686358,19144237,19606739,20076683,20510000,20952000,21449000,21942000,22377000,22785000,23225000,23667000,24051000,24311650,24650400,24964450,25271850,25567650,25864350,26167000,26488250,26868000,27302800,27767400,28562400,29339400,29774500,30241100,..
人口，总数,SP.POP.TOTL,瓦努阿图,VUT,115634,118578,121433,124248,127094,130028,133040,136129,139369,142852,146633,150779,155242,159814,164209,168236,171802,175004,178074,181346,185058,189285,193950,198952,204135,209375,214654,220001,225398,230833,236299,241778,247262,252763,..
人口，总数,SP.POP.TOTL,委内瑞拉玻利瓦尔共和国,VEN,15096432,15549525,15990376,16426198,16867806,17322754,17793283,18275997,18766017,19256060,19740786,20218813,20691641,21160262,21626607,22092144,22556838,23020184,23482700,23945002,24407553,24870441,25333622,25797219,26261326,26725897,27190882,27655937,28120312,28583040,29043283,29500625,29954782,30405207,..
人口，总数,SP.POP.TOTL,越南,VNM,53700000,54722000,55687000,56655000,57692000,58868000,60249000,61750000,63263000,64774000,66016700,67242400,68450100,69644500,70824500,71995500,73156700,74306900,75456300,76596700,77630900,78621000,79538700,80468400,81437700,82393500,83313000,84221100,85122300,86025000,86932500,87840000,88772900,89708900,..
人口，总数,SP.POP.TOTL,美属维京群岛,VIR,97000,98000,102000,104000,108000,107000,106500,106000,104500,103000,103963,104807,105711,106577,107317,107817,108093,108355,108535,108596,108639,108386,108208,108085,107950,107863,107700,107423,107091,106707,106267,105784,105275,104737,..
人口，总数,SP.POP.TOTL,约旦河西岸和加沙,WBG,..,..,..,..,..,..,..,..,..,..,1978248,2068845,2163591,2262676,2366298,2474666,2587997,2706518,2776568,2848431,2922153,2997784,3075373,3154969,3236626,3320396,3406334,3494496,3596688,3702218,3811102,3927051,4046901,4169506,..
人口，总数,SP.POP.TOTL,也门共和国,YEM,7906977,8220933,8557021,8910830,9276622,9651313,10028064,10409987,10815614,11270427,11790249,12384543,13040955,13726827,14396720,15018201,15578640,16088019,16564235,17035531,17522537,18029989,18551068,19081306,19612696,20139661,20661714,21182162,21703571,22229625,22763008,23304206,23852409,24407381,..
人口，总数,SP.POP.TOTL,赞比亚,ZMB,5847241,6038971,6235352,6435110,6636560,6838392,7040796,7243918,7446478,7646911,7844516,8038236,8229480,8423058,8625477,8841338,9073311,9320089,9577483,9839179,10100981,10362137,10625423,10894519,11174650,11470022,11781612,12109620,12456527,12825031,13216985,13633796,14075099,14538640,..
人口，总数,SP.POP.TOTL,津巴布韦,ZWE,7289069,7572129,7876786,8197858,8527836,8860331,9193889,9527192,9854098,10167392,10461782,10733048,10981267,11210802,11428655,11639364,11846110,12045813,12229500,12384727,12503652,12586763,12640922,12673103,12693047,12710589,12724308,12740160,12784041,12888918,13076978,13358738,13724317,14149648,..
